aamis	https://github.com/vyrx-dev/omarchy-aamis-theme
aetheria	https://github.com/JJDizz1L/aetheria
agentuity.theme	https://github.com/rblalock/omarchy-agentuity.theme
akane	https://github.com/Grenish/omarchy-akane-theme
alabaster	https://github.com/grierson/omarchy-alabaster-theme
all-hallows-eve	https://github.com/guilhermetk/omarchy-all-hallows-eve-theme
amberbyte	https://github.com/tahfizhabib/omarchy-amberbyte-theme
anonymous	https://github.com/j4v3l/omarchy-anonymous-theme
arc-blueberry	https://github.com/vale-c/omarchy-arc-blueberry
archriot	https://github.com/CyphrRiot/omarchy-archriot-theme
ash	https://github.com/bjarneo/omarchy-ash-theme
aura	https://github.com/bjarneo/omarchy-aura-theme
ayaka	https://github.com/abhijeet-swami/omarchy-ayaka-theme
ayu-dark	https://github.com/fdidron/omarchy-ayu-dark-theme
ayu-light	https://github.com/fdidron/omarchy-ayu-light-theme
ayumirage	https://github.com/fdidron/omarchy-ayumirage
azure-glow	https://github.com/Hydradevx/omarchy-azure-glow-theme
batou	https://github.com/HANCORE-linux/omarchy-batou-theme
bauhaus	https://github.com/somerocketeer/omarchy-bauhaus-theme
blackgold	https://github.com/HANCORE-linux/omarchy-blackgold-theme
blackmoney	https://github.com/HANCORE-linux/omarchy-blackmoney-theme
blackturq	https://github.com/HANCORE-linux/omarchy-blackturq-theme
blueridge-dark	https://github.com/hipsterusername/omarchy-blueridge-dark-theme
bulwer-omarchy	https://github.com/mattbbia/bulwer-omarchy
c64	https://github.com/scar45/omarchy-c64-theme
catppuccin-mocha	https://github.com/KidDogDad/omarchy-catppuccin-mocha-theme
cobalt2	https://github.com/hoblin/omarchy-cobalt2-theme
crimson-gold	https://github.com/knappkevin/omarchy-crimson-gold-theme
delorean	https://github.com/jbnunn/omarchy-delorean-theme
doom	https://github.com/AX200M/omarchy-doom-theme
dracula	https://github.com/catlee/omarchy-dracula-theme
elysian	https://github.com/bjarneo/omarchy-elysian-theme
ember-n-ash	https://github.com/Hydradevx/omarchy-ember-n-ash-theme
everblush	https://github.com/Swarnim114/omarchy-everblush-theme
evergarden	https://github.com/celsobenedetti/omarchy-evergarden
f1-omarchy	https://github.com/999Gabriel/F1-omarchy
felix	https://github.com/TyRichards/omarchy-felix-theme
fiery-ocean	https://github.com/bjarneo/omarchy-fiery-ocean-theme
fire-and-shadow	https://github.com/mattbbia/fire-and-shadow
fireside	https://github.com/bjarneo/omarchy-fireside-theme
firesky	https://github.com/bjarneo/omarchy-firesky-theme
flexoki-dark	https://github.com/euandeas/omarchy-flexoki-dark-theme
flexoki-light	https://github.com/euandeas/omarchy-flexoki-light-theme
forest-green	https://github.com/abhijeet-swami/omarchy-forest-green-theme
frost	https://github.com/bjarneo/omarchy-frost-theme
futurism	https://github.com/bjarneo/omarchy-futurism-theme
github-light	https://github.com/ryanyogan/omarchy-github-light-theme
gold-rush	https://github.com/tahayvr/omarchy-gold-rush-theme
green-garden	https://github.com/kalk-ak/omarchy-green-garden-theme
harbordark	https://github.com/HANCORE-linux/omarchy-harbordark-theme
harbor	https://github.com/HANCORE-linux/omarchy-harbor-theme
heritage-palette-omarchy	https://github.com/mattbbia/heritage-palette-omarchy
hollow-knight	https://github.com/bjarneo/omarchy-hollow-knight-theme
inkypinky	https://github.com/HANCORE-linux/omarchy-inkypinky-theme
kanagawa-dragon	https://github.com/MrTrigger/omarchy-kanagawa-dragon-theme
kimiko	https://github.com/krymzonn/omarchy-kimiko-theme
lakes-and-light	https://github.com/mattbbia/lakes-and-light
mars	https://github.com/steve-lohmeyer/omarchy-mars-theme
matte-black	https://github.com/tahayvr/omarchy-matte-black
mechanoonna	https://github.com/HANCORE-linux/omarchy-mechanoonna-theme
midnight	https://github.com/JaxonWright/omarchy-midnight-theme
milkmatcha-light	https://github.com/hipsterusername/omarchy-milkmatcha-light-theme
monochrome	https://github.com/Swarnim114/omarchy-monochrome-theme
monokai-dark	https://github.com/ericrswanny/omarchy-monokai-dark-theme
monokai	https://github.com/bjarneo/omarchy-monokai-theme
moodpeak	https://github.com/HANCORE-linux/omarchy-moodpeak-theme
motivator	https://github.com/rondilley/omarchy-motivator-theme
nagai-twilight	https://github.com/somerocketeer/omarchy-nagai-twilight-theme
nes	https://github.com/bjarneo/omarchy-nes-theme
night-owl	https://github.com/maxberggren/omarchy-night-owl-theme
obsidian	https://github.com/Hydradevx/omarchy-obsidian-theme
omarchy	https://github.com/dracula/omarchy
one-dark-pro	https://github.com/sc0ttman/omarchy-one-dark-pro
osaka-jade	https://github.com/Justikun/omarchy-osaka-jade-theme
pina	https://github.com/bjarneo/omarchy-pina-theme
pink-blood-omarchy	https://github.com/ITSZXY/pink-blood-omarchy-theme
pissarro-omarchy	https://github.com/mattbbia/pissarro-omarchy
pulsar	https://github.com/bjarneo/omarchy-pulsar-theme
pure-latin	https://github.com/daurydicaprio/omarchy-pure-latin-theme
purplewave	https://github.com/dotsilva/omarchy-purplewave-theme
railroad-visions-omarchy	https://github.com/mattbbia/railroad-visions-omarchy
retro-fallout	https://github.com/zdravkodanailov7/omarchy-retro-fallout-theme
retropc	https://github.com/rondilley/omarchy-retropc-theme
reverie	https://github.com/bjarneo/omarchy-reverie-theme
rose-pine-dark	https://github.com/guilhermetk/omarchy-rose-pine-dark
rose-pine-dawn	https://github.com/ryanyogan/omarchy-rose-pine-dawn-theme
rose-pine	https://github.com/guilhermetk/omarchy-rose-pine
sakura	https://github.com/bjarneo/omarchy-sakura-theme
sapphire	https://github.com/HANCORE-linux/omarchy-sapphire-theme
serenity	https://github.com/bjarneo/omarchy-serenity-theme
shadesofjade	https://github.com/HANCORE-linux/omarchy-shadesofjade-theme
snow	https://github.com/bjarneo/omarchy-snow-theme
solarized	https://github.com/Gazler/omarchy-solarized-theme
solarized-light	https://github.com/dfrico/omarchy-solarized-light-theme
solarizedosaka	https://github.com/motorsss/omarchy-solarizedosaka-theme
space-monkey	https://github.com/TyRichards/omarchy-space-monkey-theme
spectra	https://github.com/abhijeet-swami/omarchy-spectra-theme
stellarum	(local)
stills-in-motion-omarchy	https://github.com/mattbbia/stills-in-motion-omarchy
sunset-drive	https://github.com/tahayvr/omarchy-sunset-drive-theme
synthwave84	https://github.com/omacom-io/omarchy-synthwave84-theme
thegreek	https://github.com/HANCORE-linux/omarchy-thegreek-theme
tycho	https://github.com/leonardobetti/omarchy-tycho
velocity	https://github.com/perfektnacht/omarchy-velocity-theme
velvetnight	https://github.com/HANCORE-linux/omarchy-velvetnight-theme
venice-from-above-omarchy	https://github.com/mattbbia/venice-from-above-omarchy
vesper	https://github.com/thmoee/omarchy-vesper-theme
vhs80	https://github.com/tahayvr/omarchy-vhs80-theme
void	https://github.com/vyrx-dev/omarchy-void-theme.git
wasteland	https://github.com/perfektnacht/omarchy-wasteland-theme
waveform-dark	https://github.com/hipsterusername/omarchy-waveform-dark-theme
whitegold	https://github.com/HANCORE-linux/omarchy-whitegold-theme
wood	https://github.com/bjarneo/omarchy-wood-theme
